angle,vert_angle,dist,x,y,z,height
3.0,22.5,83.60699462890625,164.0844268798828,8.002195358276367,298.6833801269531,8.27613639831543
4.0,22.5,83.60696411132812,164.49708557128906,8.002195358276367,297.3161315917969,8.27613639831543
5.0,22.5,83.60696411132812,164.88584899902344,8.002195358276367,295.94189453125,8.27613639831543
6.0,22.5,83.60697937011719,165.25057983398438,8.002197265625,294.56109619140625,8.27613639831543
7.0,22.5,83.78553009033203,165.76123046875,7.965572357177734,293.21429443359375,8.27613639831543
8.0,22.5,83.9640884399414,166.24896240234375,7.928951263427734,291.8558349609375,8.27613639831543
9.0,22.5,84.32074737548828,166.8844757080078,7.855796813964844,290.5202331542969,8.27613639831543
10.0,22.5,84.6336669921875,167.4556121826172,7.7916107177734375,289.16009521484375,8.27613639831543
11.0,22.5,85.09043884277344,168.1427764892578,7.6979217529296875,287.80767822265625,8.27613639831543
12.0,22.5,85.85884857177734,169.10923767089844,7.540311813354492,286.4797668457031,8.27613639831543
13.0,22.5,86.62348937988281,170.05050659179688,7.383474349975586,285.1217346191406,8.27613639831543
14.0,22.5,87.53160858154297,171.1090545654297,7.197210311889648,283.7498779296875,8.27613639831543
15.0,22.5,88.65550231933594,172.3553466796875,6.966686248779297,282.3638610839844,8.27613639831543
16.0,22.5,89.65862274169922,173.46099853515625,6.760934829711914,280.92828369140625,8.27613639831543
17.0,22.5,90.85353088378906,174.72996520996094,6.515846252441406,279.46734619140625,8.27613639831543
18.0,22.5,91.74386596679688,175.67636108398438,6.3332366943359375,277.9521179199219,8.27613639831543
19.0,22.5,92.58008575439453,176.54371643066406,6.161710739135742,276.40423583984375,8.27613639831543
20.0,22.5,93.50968933105469,177.4755096435547,5.971035003662109,274.82763671875,8.27613639831543
21.0,22.5,93.96753692626953,177.9178924560547,5.877132415771484,273.2248229980469,8.27613639831543
22.0,22.5,94.32018280029297,178.22915649414062,5.804798126220703,271.6097412109375,8.27613639831543
23.0,22.5,94.47972869873047,178.3231658935547,5.772073745727539,269.9924011230469,8.27613639831543
24.0,22.5,94.31733703613281,178.07435607910156,5.805383682250977,268.3912658691406,8.27613639831543
25.0,22.5,93.88175964355469,177.5313720703125,5.894720077514648,266.8194580078125,8.27613639831543
26.0,22.5,93.25395202636719,176.7744903564453,6.023494720458984,265.283447265625,8.27613639831543
27.0,22.5,92.66012573242188,176.02511596679688,6.145298004150391,263.7676696777344,8.27613639831543
28.0,22.5,91.44961547851562,174.6525421142578,6.393585205078125,262.3561706542969,8.27613639831543
29.0,22.5,90.4654541015625,173.47747802734375,6.5954437255859375,260.9557800292969,8.27613639831543
30.0,22.5,89.29481506347656,172.10093688964844,6.835561752319336,259.62347412109375,8.27613639831543
31.0,22.5,88.121337890625,170.70217895507812,7.0762481689453125,258.3355712890625,8.27613639831543
32.0,22.5,87.04383850097656,169.3770294189453,7.297258377075195,257.07293701171875,8.27613639831543
33.0,22.5,86.08665466308594,168.1488037109375,7.493585586547852,255.82566833496094,8.27613639831543
34.0,22.5,85.314208984375,167.0784149169922,7.652021408081055,254.5731201171875,8.27613639831543
35.0,22.5,84.50183868408203,165.95175170898438,7.818647384643555,253.36216735839844,8.27613639831543
36.0,22.5,84.07295989990234,165.1691131591797,7.9066162109375,252.0828399658203,8.27613639831543
37.0,22.5,83.7544174194336,164.4697265625,7.971954345703125,250.7933807373047,8.27613639831543
38.0,22.5,83.4153823852539,163.73045349121094,8.04149055480957,249.52760314941406,8.27613639831543
39.0,22.5,83.26549530029297,163.14634704589844,8.072235107421875,248.2210693359375,8.27613639831543
40.0,22.5,83.25309753417969,162.6670684814453,8.074779510498047,246.8819580078125,8.27613639831543
41.0,22.5,83.36175537109375,162.275390625,8.052494049072266,245.5097198486328,8.27613639831543
42.0,22.5,83.7424087524414,162.1064910888672,7.974414825439453,244.0443878173828,8.27613639831543
43.0,22.5,84.40568542480469,162.16477966308594,7.838367462158203,242.4694061279297,8.27613639831543
44.0,22.5,84.8497314453125,161.99462890625,7.747291564941406,240.96951293945312,8.27613639831543
45.0,22.5,85.37942504882812,161.87136840820312,7.638647079467773,239.4308319091797,8.27613639831543
46.0,22.5,85.75675964355469,161.58306884765625,7.561252593994141,237.95106506347656,8.27613639831543
47.0,22.5,86.23828125,161.3572235107422,7.462484359741211,236.4249267578125,8.27613639831543
48.0,22.5,86.92082977294922,161.2752227783203,7.322484970092773,234.80418395996094,8.27613639831543
49.0,22.5,87.11949157714844,160.74404907226562,7.281736373901367,233.40232849121094,8.27613639831543
50.0,22.5,87.6058578491211,160.431396484375,7.181978225708008,231.86741638183594,8.27613639831543
51.0,22.5,87.95438385009766,159.9718475341797,7.110492706298828,230.39993286132812,8.27613639831543
52.0,22.5,88.07310485839844,159.2923126220703,7.086141586303711,229.0537872314453,8.27613639831543
53.0,22.5,88.19964599609375,158.5947265625,7.060186386108398,227.71385192871094,8.27613639831543
54.0,22.5,88.21870422363281,157.7852020263672,7.056276321411133,226.44288635253906,8.27613639831543
55.0,22.5,88.1949462890625,156.91896057128906,7.061153411865234,225.20982360839844,8.27613639831543
56.0,22.5,88.15821838378906,156.02125549316406,7.068685531616211,223.99978637695312,8.27613639831543
57.0,22.5,88.23956298828125,155.19558715820312,7.052000045776367,222.73704528808594,8.27613639831543
58.0,22.5,88.05935668945312,154.1446533203125,7.088964462280273,221.64437866210938,8.27613639831543
59.0,22.5,88.16952514648438,153.29847717285156,7.066366195678711,220.3948974609375,8.27613639831543
60.0,22.5,88.31800842285156,152.4582977294922,7.035909652709961,219.13497924804688,8.27613639831543
61.0,22.5,88.50607299804688,151.6239776611328,6.997337341308594,217.8627166748047,8.27613639831543
62.0,22.5,88.66172790527344,150.74179077148438,6.9654083251953125,216.62388610839844,8.27613639831543
63.0,22.5,89.00397491455078,149.9705352783203,6.895212173461914,215.27481079101562,8.27613639831543
64.0,22.5,89.46574401855469,149.25640869140625,6.800498962402344,213.85430908203125,8.27613639831543
65.0,22.5,90.01371765136719,148.57208251953125,6.68809700012207,212.38150024414062,8.27613639831543
66.0,22.5,90.77493286132812,148.0012664794922,6.5319671630859375,210.76487731933594,8.27613639831543
67.0,22.5,91.67863464355469,147.4885711669922,6.34660530090332,209.04795837402344,8.27613639831543
68.0,22.5,92.60649871826172,146.9505615234375,6.156293869018555,207.312255859375,8.27613639831543
69.0,22.5,93.51541137695312,146.35829162597656,5.969867706298828,205.589599609375,8.27613639831543
70.0,22.5,94.72764587402344,145.9163055419922,5.721221923828125,203.64096069335938,8.27613639831543
71.0,22.5,95.7509765625,145.30734252929688,5.511327743530273,201.8301544189453,8.27613639831543
72.0,22.5,96.16105651855469,144.2813262939453,5.427209854125977,200.49037170410156,8.27613639831543
73.0,22.5,95.98507690429688,142.87896728515625,5.463308334350586,199.62071228027344,8.27613639831543
74.0,22.5,95.05289459228516,141.0259246826172,5.654512405395508,199.3739776611328,8.27613639831543
75.0,22.5,93.00996398925781,138.55361938476562,6.073535919189453,200.05621337890625,8.27613639831543
76.0,22.5,91.0775146484375,136.18319702148438,6.469905853271484,200.71209716796875,8.27613639831543
77.0,22.5,87.86746215820312,133.16555786132812,7.128322601318359,202.47276306152344,8.27613639831543
78.0,22.5,86.29833984375,131.08331298828125,7.450164794921875,202.9579620361328,8.27613639831543
79.0,22.5,85.26507568359375,129.3050994873047,7.66209602355957,203.04541015625,8.27613639831543
80.0,22.5,84.80258178710938,127.8255844116211,7.756963729858398,202.69053649902344,8.27613639831543
81.0,22.5,84.42420196533203,126.38729858398438,7.834569931030273,202.293701171875,8.27613639831543
82.0,22.5,84.12521362304688,124.98477172851562,7.895895004272461,201.856689453125,8.27613639831543
83.0,22.5,83.96543884277344,123.64183044433594,7.928668975830078,201.32553100585938,8.27613639831543
84.0,22.5,83.8238525390625,122.30016326904297,7.957706451416016,200.80316162109375,8.27613639831543
85.0,22.5,83.50894165039062,120.8792953491211,8.022302627563477,200.458740234375,8.27613639831543
86.0,22.5,82.73514556884766,119.2726821899414,8.181015014648438,200.5507354736328,8.27613639831543
87.0,22.5,81.66197204589844,117.56416320800781,8.401134490966797,200.9452362060547,8.27613639831543
88.0,22.5,79.9181900024414,115.63064575195312,8.758804321289062,201.98387145996094,8.27613639831543
89.0,22.5,76.47604370117188,113.1395263671875,9.464824676513672,204.61590576171875,8.27613639831543
90.0,22.5,72.01127624511719,110.40251159667969,10.380596160888672,208.25062561035156,8.27613639831543
91.0,22.5,67.5735855102539,107.80986785888672,11.290812492370605,211.93338012695312,8.27613639831543
92.0,22.5,63.42790985107422,105.4433822631836,12.141136169433594,215.4138946533203,8.27613639831543
93.0,22.5,59.820247650146484,103.36197662353516,12.881111145019531,218.4540557861328,8.27613639831543
94.0,22.5,56.679283142089844,101.52110290527344,13.525357246398926,221.1094512939453,8.27613639831543
95.0,22.5,53.911563873291016,99.87486267089844,14.09304428100586,223.4588165283203,8.27613639831543
96.0,22.5,51.43341064453125,98.38555145263672,14.601344108581543,225.57398986816406,8.27613639831543
97.0,22.5,49.25319290161133,97.04157257080078,15.048526763916016,227.44114685058594,8.27613639831543
98.0,22.5,47.244747161865234,95.80250549316406,15.460484504699707,229.1754608154297,8.27613639831543
99.0,22.5,45.17711639404297,94.61611938476562,15.884576797485352,230.9949493408203,8.27613639831543
100.0,22.5,43.34314727783203,93.53724670410156,16.2607421875,232.61647033691406,8.27613639831543
101.0,22.5,41.818599700927734,92.5666275024414,16.573444366455078,233.96304321289062,8.27613639831543
102.0,22.5,40.304443359375,91.64686584472656,16.884014129638672,235.3202667236328,8.27613639831543
103.0,22.5,39.03567123413086,90.80703735351562,17.14425277709961,236.4586181640625,8.27613639831543
104.0,22.5,38.06185531616211,90.04039764404297,17.343994140625,237.3270721435547,8.27613639831543
105.0,22.5,37.00830841064453,89.29837036132812,17.560089111328125,238.2881622314453,8.27613639831543
106.0,22.5,36.133689880371094,88.60427856445312,17.739484786987305,239.08892822265625,8.27613639831543
107.0,22.5,35.31578063964844,87.9423828125,17.907243728637695,239.84725952148438,8.27613639831543
108.0,22.5,34.5469970703125,87.3096923828125,18.064929962158203,240.56967163085938,8.27613639831543
109.0,22.5,33.974891662597656,86.70718383789062,18.182273864746094,241.11097717285156,8.27613639831543
110.0,22.5,33.431461334228516,86.12413787841797,18.29373550415039,241.63478088378906,8.27613639831543
111.0,22.5,32.87989044189453,85.55970764160156,18.406869888305664,242.17662048339844,8.27613639831543
112.0,22.5,32.47901916503906,85.00984191894531,18.489091873168945,242.58059692382812,8.27613639831543
113.0,22.5,31.980735778808594,84.47844696044922,18.59130096435547,243.08908081054688,8.27613639831543
114.0,22.5,31.605192184448242,83.95675659179688,18.66832733154297,243.4864044189453,8.27613639831543
115.0,22.5,31.282461166381836,83.44422912597656,18.734519958496094,243.84078979492188,8.27613639831543
116.0,22.5,30.97348403930664,82.9421157836914,18.797895431518555,244.19017028808594,8.27613639831543
117.0,22.5,30.633193969726562,82.45502471923828,18.867692947387695,244.578125,8.27613639831543
118.0,22.5,30.33078384399414,81.97554779052734,18.92972183227539,244.9370574951172,8.27613639831543
119.0,22.5,30.130659103393555,81.49238586425781,18.970767974853516,245.20460510253906,8.27613639831543
120.0,22.5,29.930063247680664,81.01741027832031,19.011913299560547,245.48045349121094,8.27613639831543
121.0,22.5,29.781423568725586,80.541259765625,19.042396545410156,245.71397399902344,8.27613639831543
122.0,22.5,29.58002281188965,80.08220672607422,19.083711624145508,246.00584411621094,8.27613639831543
123.0,22.5,29.46957778930664,79.61211395263672,19.106367111206055,246.21810913085938,8.27613639831543
124.0,22.5,29.34545135498047,79.15081024169922,19.13182258605957,246.4511260986328,8.27613639831543
125.0,22.5,29.19745445251465,78.70162200927734,19.162181854248047,246.7142333984375,8.27613639831543
126.0,22.5,29.13005828857422,78.23817443847656,19.176002502441406,246.90853881835938,8.27613639831543
127.0,22.5,29.067609786987305,77.77790832519531,19.188812255859375,247.10594177246094,8.27613639831543
128.0,22.5,29.04928970336914,77.30905151367188,19.192569732666016,247.26988220214844,8.27613639831543
129.0,22.5,29.075916290283203,76.82929992675781,19.187108993530273,247.4002227783203,8.27613639831543
130.0,22.5,29.06122398376465,76.36511993408203,19.190122604370117,247.57713317871094,8.27613639831543
131.0,22.5,29.096275329589844,75.8871078491211,19.18292999267578,247.71649169921875,8.27613639831543
132.0,22.5,29.148059844970703,75.40499877929688,19.172311782836914,247.8491668701172,8.27613639831543
133.0,22.5,29.21402931213379,74.9190902709961,19.158777236938477,247.97776794433594,8.27613639831543
134.0,22.5,29.328292846679688,74.41547393798828,19.13534164428711,248.07199096679688,8.27613639831543
135.0,22.5,29.461837768554688,73.90390014648438,19.107952117919922,248.1586456298828,8.27613639831543
136.0,22.5,29.624040603637695,73.37968444824219,19.074682235717773,248.22991943359375,8.27613639831543
137.0,22.5,29.798851013183594,72.84877014160156,19.038827896118164,248.30052185058594,8.27613639831543
138.0,22.5,29.960208892822266,72.32263946533203,19.005733489990234,248.39340209960938,8.27613639831543
139.0,22.5,30.187456130981445,71.76478576660156,18.95911979675293,248.44020080566406,8.27613639831543
140.0,22.5,30.492116928100586,71.16692352294922,18.896631240844727,248.43280029296875,8.27613639831543
141.0,22.5,30.83981704711914,70.54300689697266,18.825313568115234,248.40223693847656,8.27613639831543
142.0,22.5,31.25771713256836,69.87745666503906,18.739595413208008,248.3271942138672,8.27613639831543
143.0,22.5,31.690513610839844,69.19679260253906,18.65082550048828,248.25531005859375,8.27613639831543
144.0,22.5,32.2242317199707,68.4539794921875,18.54135513305664,248.1171875,8.27613639831543
145.0,22.5,32.764892578125,67.69745635986328,18.430458068847656,247.99159240722656,8.27613639831543
146.0,22.5,33.49755096435547,66.82164764404297,18.280181884765625,247.73194885253906,8.27613639831543
147.0,22.5,34.39276123046875,65.83624267578125,18.09656524658203,247.3674774169922,8.27613639831543
148.0,22.5,35.38743209838867,64.7729263305664,17.892547607421875,246.9524688720703,8.27613639831543
149.0,22.5,36.804691314697266,63.430538177490234,17.601852416992188,246.24383544921875,8.27613639831543
150.0,22.5,39.24113464355469,61.41999435424805,17.102108001708984,244.8065948486328,8.27613639831543
151.0,22.5,83.60693359375,32.58991241455078,8.002199172973633,212.32122802734375,8.27613639831543
152.0,22.5,83.60696411132812,31.515384674072266,8.002195358276367,213.26199340820312,8.27613639831543
153.0,22.5,83.60694885253906,30.457462310791016,8.002197265625,214.22142028808594,8.27613639831543
154.0,22.5,83.6069564819336,29.41643524169922,8.002195358276367,215.1991424560547,8.27613639831543
155.0,22.5,83.6069564819336,28.39263153076172,8.002197265625,216.1949005126953,8.27613639831543
156.0,22.5,83.60696411132812,27.386356353759766,8.002197265625,217.20835876464844,8.27613639831543
157.0,22.5,83.6069564819336,26.3979434967041,8.002195358276367,218.23922729492188,8.27613639831543
158.0,22.5,83.60693359375,25.427677154541016,8.002197265625,219.28720092773438,8.27613639831543
159.0,22.5,83.60693359375,24.47582244873047,8.002197265625,220.35194396972656,8.27613639831543
160.0,22.5,83.60697937011719,23.542678833007812,8.002195358276367,221.43309020996094,8.27613639831543
161.0,22.5,83.60694885253906,22.628568649291992,8.002195358276367,222.5304412841797,8.27613639831543
162.0,22.5,83.6069564819336,21.73375701904297,8.002195358276367,223.64352416992188,8.27613639831543
163.0,22.5,83.60693359375,20.858530044555664,8.002199172973633,224.77206420898438,8.27613639831543
164.0,22.5,83.60691833496094,20.00310516357422,8.002199172973633,225.9157257080078,8.27613639831543
165.0,22.5,83.60693359375,19.167762756347656,8.002197265625,227.07411193847656,8.27613639831543
166.0,22.5,83.6069564819336,18.35274314880371,8.002195358276367,228.2469024658203,8.27613639831543
167.0,22.5,83.6069564819336,17.5583438873291,8.002195358276367,229.4337615966797,8.27613639831543
168.0,22.5,83.60697174072266,16.78476333618164,8.002197265625,230.63427734375,8.27613639831543
169.0,22.5,83.6069564819336,16.03227424621582,8.002195358276367,231.84814453125,8.27613639831543
170.0,22.5,83.60696411132812,15.301076889038086,8.002197265625,233.07492065429688,8.27613639831543
171.0,22.5,83.6069564819336,14.591400146484375,8.002197265625,234.31431579589844,8.27613639831543
172.0,22.5,82.50714874267578,14.85127067565918,8.227775573730469,236.0761260986328,8.27613639831543
173.0,22.5,79.50928497314453,16.801456451416016,8.842674255371094,238.66844177246094,8.27613639831543
174.0,22.5,77.5594482421875,17.900066375732422,9.242605209350586,240.7261962890625,8.27613639831543
175.0,22.5,75.98705291748047,18.714929580688477,9.565123558044434,242.57662963867188,8.27613639831543
176.0,22.5,75.00270080566406,19.048654556274414,9.767022132873535,244.15138244628906,8.27613639831543
177.0,22.5,74.68925476074219,18.813501358032227,9.831315994262695,245.44497680664062,8.27613639831543
178.0,22.5,75.06485748291016,17.97903060913086,9.75427532196045,246.48170471191406,8.27613639831543
179.0,22.5,75.01435089111328,17.548999786376953,9.764633178710938,247.6902313232422,8.27613639831543
180.0,22.5,74.48346710205078,17.581384658813477,9.873525619506836,249.06838989257812,8.27613639831543
181.0,22.5,73.30731964111328,18.236955642700195,10.114765167236328,250.6459197998047,8.27613639831543
182.0,22.5,72.3006362915039,18.768959045410156,10.321246147155762,252.1406707763672,8.27613639831543
183.0,22.5,71.46333312988281,19.173940658569336,10.492984771728516,253.56027221679688,8.27613639831543
184.0,22.5,71.38888549804688,18.89113426208496,10.508254051208496,254.74935913085938,8.27613639831543
185.0,22.5,71.30973815917969,18.633895874023438,10.524491310119629,255.9432373046875,8.27613639831543
186.0,22.5,71.61190795898438,18.036237716674805,10.46251106262207,257.04791259765625,8.27613639831543
187.0,22.5,72.46602630615234,16.930978775024414,10.287322044372559,258.04364013671875,8.27613639831543
188.0,22.5,73.630615234375,15.543142318725586,10.048453330993652,259.0080261230469,8.27613639831543
189.0,22.5,74.22785949707031,14.712797164916992,9.925951957702637,260.1247253417969,8.27613639831543
190.0,22.5,74.18946838378906,14.51225757598877,9.933826446533203,261.3769836425781,8.27613639831543
191.0,22.5,74.01325988769531,14.466852188110352,9.969970703125,262.6536560058594,8.27613639831543
192.0,22.5,73.7220230102539,14.555583953857422,10.029708862304688,263.9442138671875,8.27613639831543
193.0,22.5,73.24334716796875,14.849469184875488,10.127887725830078,265.2513732910156,8.27613639831543
194.0,22.5,72.63388061523438,15.29433536529541,10.25289535522461,266.55914306640625,8.27613639831543
195.0,22.5,72.03620147705078,15.751509666442871,10.37548542022705,267.8475341796875,8.27613639831543
196.0,22.5,71.32188415527344,16.345792770385742,10.52199649810791,269.1260986328125,8.27613639831543
197.0,22.5,70.59744262695312,16.97300148010254,10.670591354370117,270.3825378417969,8.27613639831543
198.0,22.5,69.84539794921875,17.649641036987305,10.824845314025879,271.61651611328125,8.27613639831543
199.0,22.5,69.17431640625,18.268901824951172,10.96249008178711,272.8238830566406,8.27613639831543
200.0,22.5,68.54713439941406,18.8663272857666,11.091131210327148,274.0085754394531,8.27613639831543
201.0,22.5,68.28743743896484,19.12465476989746,11.144397735595703,275.1763610839844,8.27613639831543
202.0,22.5,69.5837631225586,17.88097381591797,10.878508567810059,276.3803405761719,8.27613639831543
203.0,22.5,72.31523132324219,15.256266593933105,10.318256378173828,277.6941833496094,8.27613639831543
204.0,22.5,75.0454330444336,12.65873908996582,9.758260726928711,279.1001892089844,8.27613639831543
205.0,22.5,77.60400390625,10.25698184967041,9.233467102050781,280.58404541015625,8.27613639831543
206.0,22.5,79.26385498046875,8.760702133178711,8.893014907836914,282.065673828125,8.27613639831543
207.0,22.5,80.64730834960938,7.562255859375,8.609254837036133,283.5697937011719,8.27613639831543
208.0,22.5,81.56497192382812,6.844970703125,8.42103385925293,285.05694580078125,8.27613639831543
209.0,22.5,82.0892562866211,6.536570072174072,8.313495635986328,286.5136413574219,8.27613639831543
210.0,22.5,82.67035675048828,6.200247764587402,8.194303512573242,287.99371337890625,8.27613639831543
211.0,22.5,83.24984741210938,5.8931169509887695,8.075445175170898,289.4888610839844,8.27613639831543
212.0,22.5,83.3636474609375,6.060379981994629,8.052104949951172,290.9064636230469,8.27613639831543
213.0,22.5,83.60189819335938,6.133925914764404,8.003236770629883,292.34954833984375,8.27613639831543
214.0,22.5,83.60696411132812,6.455326080322266,8.002197265625,293.7410888671875,8.27613639831543
215.0,22.5,83.60694885253906,6.805774688720703,8.002197265625,295.1255798339844,8.27613639831543
216.0,22.5,83.6069564819336,7.180309295654297,8.002197265625,296.5037536621094,8.27613639831543
217.0,22.5,83.60697174072266,7.578849792480469,8.002197265625,297.8752136230469,8.27613639831543
218.0,22.5,83.60694885253906,8.001288414001465,8.002199172973633,299.2394714355469,8.27613639831543
39.0,16.875,98.9356460571289,178.82330322265625,8.248025894165039,244.7228546142578,8.27613639831543
40.0,16.875,97.5250244140625,176.97547912597656,8.489032745361328,243.55213928222656,8.27613639831543
41.0,16.875,97.8138198852539,176.69190979003906,8.439691543579102,241.87237548828125,8.27613639831543
42.0,16.875,97.48065185546875,175.8041229248047,8.496612548828125,240.4097900390625,8.27613639831543
43.0,16.875,98.21469116210938,175.87001037597656,8.371204376220703,238.57948303222656,8.27613639831543
44.0,16.875,98.33358001708984,175.34002685546875,8.350889205932617,236.97052001953125,8.27613639831543
45.0,16.875,98.47386932373047,174.80052185058594,8.326925277709961,235.36065673828125,8.27613639831543
46.0,16.875,98.6112060546875,174.22940063476562,8.303462982177734,233.759521484375,8.27613639831543
47.0,16.875,98.16463470458984,173.1109619140625,8.379755020141602,232.41587829589844,8.27613639831543
48.0,16.875,97.91399383544922,172.14512634277344,8.422578811645508,231.01214599609375,8.27613639831543
49.0,16.875,97.69731140136719,171.1865234375,8.4595947265625,229.61375427246094,8.27613639831543
50.0,16.875,96.89209747314453,169.69677734375,8.597158432006836,228.5140380859375,8.27613639831543
51.0,16.875,96.28285217285156,168.362548828125,8.701251983642578,227.35690307617188,8.27613639831543
52.0,16.875,95.5206527709961,166.88400268554688,8.831470489501953,226.30923461914062,8.27613639831543
53.0,16.875,94.92489624023438,165.53370666503906,8.93325424194336,225.2125701904297,8.27613639831543
54.0,16.875,94.40992736816406,164.2369384765625,9.021238327026367,224.10531616210938,8.27613639831543
55.0,16.875,93.96815490722656,162.98590087890625,9.09671401977539,222.98826599121094,8.27613639831543
56.0,16.875,93.53134155273438,161.7238311767578,9.171342849731445,221.89669799804688,8.27613639831543
57.0,16.875,93.24119567871094,160.56460571289062,9.220911979675293,220.74916076660156,8.27613639831543
58.0,16.875,93.07959747314453,159.49002075195312,9.248520851135254,219.55035400390625,8.27613639831543
59.0,16.875,92.906982421875,158.38778686523438,9.278009414672852,218.3793487548828,8.27613639831543
60.0,16.875,92.94011688232422,157.42532348632812,9.272350311279297,217.10333251953125,8.27613639831543
61.0,16.875,93.07771301269531,156.51956176757812,9.2488431930542,215.77813720703125,8.27613639831543
62.0,16.875,93.55183410644531,155.84068298339844,9.167840003967285,214.25091552734375,8.27613639831543
63.0,16.875,94.00784301757812,155.1165771484375,9.089929580688477,212.7415313720703,8.27613639831543
64.0,16.875,94.63467407226562,154.48464965820312,8.982837677001953,211.1250762939453,8.27613639831543
65.0,16.875,95.47854614257812,153.9718475341797,8.838663101196289,209.36427307128906,8.27613639831543
66.0,16.875,96.43058776855469,153.49404907226562,8.676010131835938,207.52734375,8.27613639831543
67.0,16.875,97.52923583984375,153.0735321044922,8.488309860229492,205.58412170410156,8.27613639831543
68.0,16.875,98.70968627929688,152.6608123779297,8.28663444519043,203.57679748535156,8.27613639831543
83.0,16.875,99.73722076416016,132.54913330078125,8.111082077026367,187.83241271972656,8.27613639831543
84.0,16.875,99.28648376464844,130.82830810546875,8.188089370727539,187.4270477294922,8.27613639831543
85.0,16.875,99.04672241210938,129.19970703125,8.22905158996582,186.86892700195312,8.27613639831543
86.0,16.875,98.74018859863281,127.53717803955078,8.281421661376953,186.40057373046875,8.27613639831543
87.0,16.875,98.7250747680664,125.98970794677734,8.284002304077148,185.70184326171875,8.27613639831543
88.0,16.875,98.67697143554688,124.41764831542969,8.292221069335938,185.0601806640625,8.27613639831543
89.0,16.875,98.71882629394531,122.86902618408203,8.285070419311523,184.36434936523438,8.27613639831543
90.0,16.875,98.73059844970703,121.29705810546875,8.283063888549805,183.7230224609375,8.27613639831543
91.0,16.875,98.72421264648438,119.70775604248047,8.284151077270508,183.1259307861328,8.27613639831543
92.0,16.875,98.58196258544922,118.0641098022461,8.30845832824707,182.68304443359375,8.27613639831543
93.0,16.875,98.24827575683594,116.3560791015625,8.365463256835938,182.44876098632812,8.27613639831543
94.0,16.875,97.0151138305664,114.38607025146484,8.57614517211914,183.0922393798828,8.27613639831543
95.0,16.875,68.45976257324219,104.89073944091797,13.454744338989258,209.61412048339844,8.27613639831543
96.0,16.875,62.27214050292969,102.14888000488281,14.511883735656738,215.17398071289062,8.27613639831543
97.0,16.875,58.578121185302734,100.21436309814453,15.142997741699219,218.42726135253906,8.27613639831543
98.0,16.875,55.23463439941406,98.47808837890625,15.714221000671387,221.39285278320312,8.27613639831543
99.0,16.875,52.77811050415039,97.03611755371094,16.133907318115234,223.54718017578125,8.27613639831543
100.0,16.875,50.27130889892578,95.66357421875,16.562191009521484,225.7835693359375,8.27613639831543
101.0,16.875,47.84943389892578,94.38761138916016,16.97595977783203,227.9693145751953,8.27613639831543
102.0,16.875,45.897953033447266,93.26595306396484,17.309364318847656,229.72671508789062,8.27613639831543
103.0,16.875,44.14859390258789,92.23704528808594,17.608238220214844,231.31149291992188,8.27613639831543
104.0,16.875,42.5760612487793,91.28791809082031,17.87689971923828,232.74525451660156,8.27613639831543
105.0,16.875,41.07714080810547,90.39876556396484,18.13298797607422,234.12648010253906,8.27613639831543
106.0,16.875,39.789955139160156,89.57878112792969,18.35289764404297,235.31788635253906,8.27613639831543
107.0,16.875,38.61825942993164,88.81031036376953,18.553077697753906,236.41180419921875,8.27613639831543
108.0,16.875,37.712501525878906,88.09625244140625,18.707828521728516,237.2587127685547,8.27613639831543
109.0,16.875,36.840999603271484,87.41399383544922,18.856718063354492,238.08499145507812,8.27613639831543
110.0,16.875,36.054325103759766,86.76313781738281,18.991121292114258,238.8399658203125,8.27613639831543
111.0,16.875,35.37870407104492,86.1396713256836,19.106548309326172,239.4969482421875,8.27613639831543
112.0,16.875,34.77354049682617,85.53854370117188,19.209938049316406,240.0952606201172,8.27613639831543
113.0,16.875,34.113922119140625,84.95993041992188,19.3226318359375,240.75738525390625,8.27613639831543
114.0,16.875,33.63023376464844,84.39615631103516,19.4052677154541,241.25592041015625,8.27613639831543
115.0,16.875,33.216732025146484,83.8449935913086,19.475914001464844,241.6947479248047,8.27613639831543
116.0,16.875,32.72607421875,83.31490325927734,19.559743881225586,242.21836853027344,8.27613639831543
117.0,16.875,32.36775207519531,82.78948211669922,19.620960235595703,242.6206512451172,8.27613639831543
118.0,16.875,32.10941696166992,82.26580810546875,19.665096282958984,242.93353271484375,8.27613639831543
119.0,16.875,31.80958366394043,81.75756072998047,19.71632194519043,243.29547119140625,8.27613639831543
120.0,16.875,31.552263259887695,81.25446319580078,19.760284423828125,243.62408447265625,8.27613639831543
121.0,16.875,31.263151168823242,80.76683807373047,19.809680938720703,243.99159240722656,8.27613639831543
122.0,16.875,31.07322883605957,80.2724380493164,19.842126846313477,244.27064514160156,8.27613639831543
123.0,16.875,30.88454246520996,79.78594970703125,19.874359130859375,244.55645751953125,8.27613639831543
124.0,16.875,30.729373931884766,79.30044555664062,19.9008731842041,244.81781005859375,8.27613639831543
125.0,16.875,30.59891128540039,78.81639099121094,19.92316246032715,245.06333923339844,8.27613639831543
126.0,16.875,30.507627487182617,78.32909393310547,19.938758850097656,245.27938842773438,8.27613639831543
127.0,16.875,30.453960418701172,77.83711242675781,19.947925567626953,245.4678192138672,8.27613639831543
128.0,16.875,30.386709213256836,77.35323333740234,19.959415435791016,245.6773681640625,8.27613639831543
129.0,16.875,30.350221633911133,76.864990234375,19.965652465820312,245.86610412597656,8.27613639831543
130.0,16.875,30.341697692871094,76.37185668945312,19.967105865478516,246.03704833984375,8.27613639831543
131.0,16.875,30.384754180908203,75.86480712890625,19.95975112915039,246.16867065429688,8.27613639831543
132.0,16.875,30.422771453857422,75.3611831665039,19.95325469970703,246.31402587890625,8.27613639831543
133.0,16.875,30.5106201171875,74.84141540527344,19.938247680664062,246.42276000976562,8.27613639831543
134.0,16.875,30.55243492126465,74.33973693847656,19.931102752685547,246.5829620361328,8.27613639831543
135.0,16.875,30.71281623840332,73.79328918457031,19.90369987487793,246.6452178955078,8.27613639831543
136.0,16.875,30.919147491455078,73.22660064697266,19.868450164794922,246.67698669433594,8.27613639831543
137.0,16.875,31.160625457763672,72.64232635498047,19.827194213867188,246.68894958496094,8.27613639831543
138.0,16.875,31.364683151245117,72.0711898803711,19.792333602905273,246.74588012695312,8.27613639831543
139.0,16.875,31.745590209960938,71.41700744628906,19.72725486755371,246.66009521484375,8.27613639831543
140.0,16.875,32.02313232421875,70.80458068847656,19.679840087890625,246.67816162109375,8.27613639831543
141.0,16.875,32.378726959228516,70.15028381347656,19.61908721923828,246.64244079589844,8.27613639831543
142.0,16.875,32.920257568359375,69.39665985107422,19.526567459106445,246.46368408203125,8.27613639831543
143.0,16.875,33.45166015625,68.63729858398438,19.43577766418457,246.31143188476562,8.27613639831543
144.0,16.875,34.18674087524414,67.7592544555664,19.310192108154297,246.00843811035156,8.27613639831543
145.0,16.875,35.015628814697266,66.81421661376953,19.1685791015625,245.6508331298828,8.27613639831543
146.0,16.875,36.277408599853516,65.60848999023438,18.953006744384766,244.96710205078125,8.27613639831543
147.0,16.875,38.01968765258789,64.0970230102539,18.655344009399414,243.93255615234375,8.27613639831543
166.0,16.875,99.87155151367188,5.647855758666992,8.088132858276367,217.48739624023438,8.27613639831543
167.0,16.875,99.12969970703125,5.271425724029541,8.21487808227539,219.3095703125,8.27613639831543
168.0,16.875,98.10320281982422,5.168339729309082,8.390249252319336,221.2814178466797,8.27613639831543
169.0,16.875,96.94973754882812,5.215001106262207,8.587316513061523,223.3067626953125,8.27613639831543
170.0,16.875,95.6794662475586,5.405786514282227,8.804336547851562,225.37393188476562,8.27613639831543
171.0,16.875,94.45488739013672,5.604922771453857,9.013551712036133,227.39599609375,8.27613639831543
172.0,16.875,93.09153747558594,5.96904182434082,9.246477127075195,229.462890625,8.27613639831543
173.0,16.875,91.5369873046875,6.546315670013428,9.51207160949707,231.59193420410156,8.27613639831543
174.0,16.875,89.70294189453125,7.417863845825195,9.82541275024414,233.81321716308594,8.27613639831543
175.0,16.875,87.91484069824219,8.301669120788574,10.130906105041504,235.9707489013672,8.27613639831543
176.0,16.875,85.88408660888672,9.452515602111816,10.477852821350098,238.1870574951172,8.27613639831543
177.0,16.875,84.09425354003906,10.440185546875,10.783637046813965,240.25350952148438,8.27613639831543
178.0,16.875,82.5427017211914,11.26054859161377,11.04871654510498,242.18141174316406,8.27613639831543
179.0,16.875,81.00173950195312,12.115166664123535,11.31198787689209,244.06610107421875,8.27613639831543
180.0,16.875,79.59822845458984,12.88615894317627,11.55176830291748,245.86181640625,8.27613639831543
181.0,16.875,78.13211059570312,13.754828453063965,11.802251815795898,247.6426239013672,8.27613639831543
182.0,16.875,76.8511962890625,14.490763664245605,12.021095275878906,249.32395935058594,8.27613639831543
183.0,16.875,75.91792297363281,14.937825202941895,12.180541038513184,250.86378479003906,8.27613639831543
184.0,16.875,75.54457092285156,14.889881134033203,12.244329452514648,252.21620178222656,8.27613639831543
185.0,16.875,75.98271179199219,14.099992752075195,12.169476509094238,253.3386688232422,8.27613639831543
186.0,16.875,77.22342681884766,12.565009117126465,11.957500457763672,254.27325439453125,8.27613639831543
187.0,16.875,77.968017578125,11.514825820922852,11.830291748046875,255.37588500976562,8.27613639831543
188.0,16.875,77.95985412597656,11.202759742736816,11.831685066223145,256.6798095703125,8.27613639831543
189.0,16.875,77.72637939453125,11.130416870117188,11.871570587158203,258.0361328125,8.27613639831543
190.0,16.875,77.34610748291016,11.224418640136719,11.936537742614746,259.4179382324219,8.27613639831543
191.0,16.875,76.79708862304688,11.507342338562012,12.030338287353516,260.8211669921875,8.27613639831543
192.0,16.875,76.1567153930664,11.90514087677002,12.139745712280273,262.22454833984375,8.27613639831543
193.0,16.875,75.5035400390625,12.341541290283203,12.251338958740234,263.6116638183594,8.27613639831543
194.0,16.875,74.83021545410156,12.82329273223877,12.366374015808105,264.98236083984375,8.27613639831543
195.0,16.875,74.16680908203125,13.320565223693848,12.479715347290039,266.3318786621094,8.27613639831543
196.0,16.875,73.55001831054688,13.79672908782959,12.585092544555664,267.6569519042969,8.27613639831543
197.0,16.875,72.96094512939453,14.269593238830566,12.685734748840332,268.9608459472656,8.27613639831543
198.0,16.875,72.51368713378906,14.626327514648438,12.762149810791016,270.2381286621094,8.27613639831543
199.0,16.875,72.87356567382812,14.211036682128906,12.700663566589355,271.4693908691406,8.27613639831543
200.0,16.875,83.06636047363281,4.131263732910156,10.959253311157227,272.4935302734375,8.27613639831543
57.0,11.25,99.92076110839844,167.16830444335938,11.667798042297363,217.7264862060547,8.27613639831543
58.0,11.25,98.82188415527344,165.2855224609375,11.81607723236084,216.95602416992188,8.27613639831543
59.0,11.25,98.3189697265625,163.87310791015625,11.883939743041992,215.87936401367188,8.27613639831543
60.0,11.25,97.98774719238281,162.58169555664062,11.928632736206055,214.72996520996094,8.27613639831543
61.0,11.25,97.83102416992188,161.40853881835938,11.94978141784668,213.49920654296875,8.27613639831543
62.0,11.25,98.09808349609375,160.5380096435547,11.913747787475586,212.02194213867188,8.27613639831543
63.0,11.25,98.42550659179688,159.68405151367188,11.869564056396484,210.51742553710938,8.27613639831543
64.0,11.25,99.18785095214844,159.1210479736328,11.766693115234375,208.73606872558594,8.27613639831543
65.0,11.25,99.96324157714844,158.52761840820312,11.662063598632812,206.94625854492188,8.27613639831543
99.0,11.25,64.783203125,100.51782989501953,16.409181594848633,211.8380126953125,8.27613639831543
100.0,11.25,59.62172317504883,98.35137939453125,17.105667114257812,216.5937957763672,8.27613639831543
101.0,11.25,55.96798324584961,96.6436538696289,17.59869384765625,219.93869018554688,8.27613639831543
102.0,11.25,53.194923400878906,95.20988464355469,17.972885131835938,222.4654541015625,8.27613639831543
103.0,11.25,50.70665740966797,93.91239929199219,18.308645248413086,224.74623107910156,8.27613639831543
104.0,11.25,48.5493049621582,92.74374389648438,18.599754333496094,226.73114013671875,8.27613639831543
105.0,11.25,46.484169006347656,91.65818786621094,18.878416061401367,228.65042114257812,8.27613639831543
106.0,11.25,44.70502471923828,90.67193603515625,19.11849594116211,230.31069946289062,8.27613639831543
107.0,11.25,43.12283706665039,89.7628402709961,19.331989288330078,231.79656982421875,8.27613639831543
108.0,11.25,41.6890983581543,88.91763305664062,19.525455474853516,233.153564453125,8.27613639831543
109.0,11.25,40.51042556762695,88.13469696044922,19.68450355529785,234.27430725097656,8.27613639831543
110.0,11.25,39.30369186401367,87.39078521728516,19.847339630126953,235.437255859375,8.27613639831543
111.0,11.25,38.42526626586914,86.6944580078125,19.965871810913086,236.28836059570312,8.27613639831543
112.0,11.25,37.622867584228516,86.02842712402344,20.074146270751953,237.07630920410156,8.27613639831543
113.0,11.25,36.788394927978516,85.39061737060547,20.18674659729004,237.90745544433594,8.27613639831543
114.0,11.25,36.15041732788086,84.77542877197266,20.27283477783203,238.55465698242188,8.27613639831543
115.0,11.25,35.50082015991211,84.18321990966797,20.360488891601562,239.22354125976562,8.27613639831543
116.0,11.25,34.95633316040039,83.60694122314453,20.433963775634766,239.79808044433594,8.27613639831543
117.0,11.25,34.588233947753906,83.03527069091797,20.483633041381836,240.20773315429688,8.27613639831543
118.0,11.25,34.03425598144531,82.4960708618164,20.558385848999023,240.80990600585938,8.27613639831543
119.0,11.25,33.73004913330078,81.94730377197266,20.59943389892578,241.1746368408203,8.27613639831543
120.0,11.25,33.33323669433594,81.42279052734375,20.65298080444336,241.63909912109375,8.27613639831543
121.0,11.25,33.12497329711914,80.88439178466797,20.68108367919922,241.92706298828125,8.27613639831543
122.0,11.25,32.82924270629883,80.3695297241211,20.72098731994629,242.30917358398438,8.27613639831543
123.0,11.25,32.59645462036133,79.85467529296875,20.752399444580078,242.63804626464844,8.27613639831543
124.0,11.25,32.3980712890625,79.34255981445312,20.77916717529297,242.9416961669922,8.27613639831543
125.0,11.25,32.24726486206055,78.82865142822266,20.799518585205078,243.20755004882812,8.27613639831543
126.0,11.25,32.13544464111328,78.31273651123047,20.814605712890625,243.44422912597656,8.27613639831543
127.0,11.25,32.037139892578125,77.79944610595703,20.827871322631836,243.67645263671875,8.27613639831543
128.0,11.25,31.950828552246094,77.2886962890625,20.839519500732422,243.9057159423828,8.27613639831543
129.0,11.25,31.911710739135742,76.76985931396484,20.844799041748047,244.09869384765625,8.27613639831543
130.0,11.25,31.914379119873047,76.24239349365234,20.844436645507812,244.26109313964844,8.27613639831543
131.0,11.25,31.91879653930664,75.71724700927734,20.843841552734375,244.43104553222656,8.27613639831543
132.0,11.25,31.958255767822266,75.18325805664062,20.838516235351562,244.5775146484375,8.27613639831543
133.0,11.25,32.12343978881836,74.60685729980469,20.816226959228516,244.61712646484375,8.27613639831543
134.0,11.25,32.21533966064453,74.05564880371094,20.8038272857666,244.73521423339844,8.27613639831543
135.0,11.25,32.40241622924805,73.46842956542969,20.778583526611328,244.77662658691406,8.27613639831543
136.0,11.25,32.59413528442383,72.87718963623047,20.752716064453125,244.8253631591797,8.27613639831543
137.0,11.25,32.90298080444336,72.23503875732422,20.71103858947754,244.78050231933594,8.27613639831543
138.0,11.25,33.26301574707031,71.56522369384766,20.662456512451172,244.70350646972656,8.27613639831543
139.0,11.25,33.629608154296875,70.88565063476562,20.612987518310547,244.63519287109375,8.27613639831543
140.0,11.25,34.1268196105957,70.13883209228516,20.545894622802734,244.46726989746094,8.27613639831543
141.0,11.25,34.74424743652344,69.3240737915039,20.46257972717285,244.2122039794922,8.27613639831543
142.0,11.25,35.45600128173828,68.44913482666016,20.366539001464844,243.8955841064453,8.27613639831543
143.0,11.25,36.55113220214844,67.36315155029297,20.21876335144043,243.2745361328125,8.27613639831543
144.0,11.25,37.75946807861328,66.19108581542969,20.055713653564453,242.58714294433594,8.27613639831543
169.0,11.25,99.32829284667969,3.518843650817871,11.747743606567383,220.58963012695312,8.27613639831543
170.0,11.25,97.58622741699219,4.055115699768066,11.982813835144043,222.9541015625,8.27613639831543
171.0,11.25,96.33890533447266,4.228627681732178,12.151124000549316,225.02993774414062,8.27613639831543
172.0,11.25,95.28473663330078,4.2838006019592285,12.293373107910156,226.98780822753906,8.27613639831543
173.0,11.25,94.28994750976562,4.330730438232422,12.427606582641602,228.8999481201172,8.27613639831543
174.0,11.25,93.3385009765625,4.3813886642456055,12.55599308013916,230.775634765625,8.27613639831543
175.0,11.25,92.40013122558594,4.460862159729004,12.68261432647705,232.62966918945312,8.27613639831543
176.0,11.25,91.32901000976562,4.69805908203125,12.8271484375,234.52542114257812,8.27613639831543
177.0,11.25,89.93351745605469,5.267348766326904,13.01545524597168,236.5364532470703,8.27613639831543
178.0,11.25,88.56643676757812,5.855986595153809,13.199923515319824,238.50379943847656,8.27613639831543
179.0,11.25,86.66517639160156,6.975164890289307,13.456477165222168,240.64666748046875,8.27613639831543
180.0,11.25,85.07038116455078,7.86287784576416,13.671673774719238,242.6250457763672,8.27613639831543
181.0,11.25,83.63809967041016,8.644929885864258,13.864943504333496,244.5039520263672,8.27613639831543
182.0,11.25,82.84605407714844,8.872675895690918,13.971821784973145,246.12762451171875,8.27613639831543
183.0,11.25,83.19944763183594,8.06092357635498,13.924138069152832,247.362548828125,8.27613639831543
184.0,11.25,83.27734375,7.528334617614746,13.91362476348877,248.70208740234375,8.27613639831543
185.0,11.25,82.86631774902344,7.481807708740234,13.969087600708008,250.19459533691406,8.27613639831543
186.0,11.25,82.37162780761719,7.543015480041504,14.035840034484863,251.70384216308594,8.27613639831543
187.0,11.25,81.76603698730469,7.7389421463012695,14.117557525634766,253.2322235107422,8.27613639831543
188.0,11.25,81.08914947509766,8.032661437988281,14.20889663696289,254.7640380859375,8.27613639831543
189.0,11.25,80.34518432617188,8.420571327209473,14.309285163879395,256.294189453125,8.27613639831543
190.0,11.25,79.60391235351562,8.835312843322754,14.409311294555664,257.8042297363281,8.27613639831543
191.0,11.25,78.89997100830078,9.242632865905762,14.504298210144043,259.287109375,8.27613639831543
192.0,11.25,78.24595642089844,9.629308700561523,14.592550277709961,260.74200439453125,8.27613639831543
193.0,11.25,77.63027954101562,10.005703926086426,14.675627708435059,262.1727600097656,8.27613639831543
194.0,11.25,77.15383911132812,10.272028923034668,14.739920616149902,263.5667419433594,8.27613639831543
195.0,11.25,76.80682373046875,10.436466217041016,14.786745071411133,264.93182373046875,8.27613639831543
102.0,5.625,65.8298568725586,98.14408111572266,18.717395782470703,209.984130859375,8.27613639831543
103.0,5.625,59.692073822021484,95.98725128173828,19.317237854003906,215.8018798828125,8.27613639831543
104.0,5.625,56.11629867553711,94.42417907714844,19.66669464111328,219.15321350097656,8.27613639831543
105.0,5.625,53.46913146972656,93.1054916381836,19.925399780273438,221.62442016601562,8.27613639831543
106.0,5.625,51.172149658203125,91.91653442382812,20.149883270263672,223.77793884277344,8.27613639831543
107.0,5.625,48.907203674316406,90.80818176269531,20.371234893798828,225.92446899414062,8.27613639831543
108.0,5.625,46.9991340637207,89.8058853149414,20.557708740234375,227.73963928222656,8.27613639831543
109.0,5.625,45.2999153137207,88.8819580078125,20.723772048950195,229.36705017089844,8.27613639831543
110.0,5.625,43.84952926635742,88.0278091430664,20.86551856994629,230.76463317871094,8.27613639831543
111.0,5.625,42.478145599365234,87.22572326660156,20.999540328979492,232.09930419921875,8.27613639831543
112.0,5.625,41.34682846069336,86.473876953125,21.110105514526367,233.20938110351562,8.27613639831543
113.0,5.625,40.203208923339844,85.7612075805664,21.22187042236328,234.3447265625,8.27613639831543
114.0,5.625,39.42079544067383,85.08032989501953,21.29833221435547,235.13267517089844,8.27613639831543
115.0,5.625,38.53550720214844,84.43095397949219,21.384851455688477,236.03427124023438,8.27613639831543
116.0,5.625,37.863346099853516,83.80065155029297,21.45054054260254,236.73455810546875,8.27613639831543
117.0,5.625,37.11879348754883,83.1996841430664,21.523305892944336,237.51681518554688,8.27613639831543
118.0,5.625,36.58436965942383,82.60610961914062,21.575536727905273,238.10012817382812,8.27613639831543
119.0,5.625,36.09989929199219,82.026611328125,21.622882843017578,238.6433563232422,8.27613639831543
120.0,5.625,35.57126235961914,81.47059631347656,21.674545288085938,239.23922729492188,8.27613639831543
121.0,5.625,35.278907775878906,80.90031433105469,21.703115463256836,239.6107635498047,8.27613639831543
122.0,5.625,34.955997467041016,80.34651947021484,21.734676361083984,240.0214385986328,8.27613639831543
123.0,5.625,34.65195083618164,79.80215454101562,21.764389038085938,240.4222869873047,8.27613639831543
124.0,5.625,34.49932098388672,79.2406005859375,21.77930450439453,240.68380737304688,8.27613639831543
125.0,5.625,34.26555252075195,78.70345306396484,21.80215072631836,241.033447265625,8.27613639831543
126.0,5.625,34.111026763916016,78.1583251953125,21.81725311279297,241.31475830078125,8.27613639831543
127.0,5.625,33.94377899169922,77.62393951416016,21.833599090576172,241.61717224121094,8.27613639831543
128.0,5.625,33.914920806884766,77.0614242553711,21.83641815185547,241.79525756835938,8.27613639831543
129.0,5.625,33.91032791137695,76.49581146240234,21.836868286132812,241.95982360839844,8.27613639831543
130.0,5.625,33.89129638671875,75.9375,21.838726043701172,242.14793395996094,8.27613639831543
131.0,5.625,33.935997009277344,75.36297607421875,21.83435821533203,242.28543090820312,8.27613639831543
132.0,5.625,33.987518310546875,74.78797912597656,21.829326629638672,242.42677307128906,8.27613639831543
133.0,5.625,34.12260055541992,74.18585968017578,21.816123962402344,242.50042724609375,8.27613639831543
134.0,5.625,34.33477783203125,73.55508422851562,21.795387268066406,242.513916015625,8.27613639831543
135.0,5.625,34.62099838256836,72.8932876586914,21.767414093017578,242.47158813476562,8.27613639831543
136.0,5.625,34.94189453125,72.2126235961914,21.736055374145508,242.41104125976562,8.27613639831543
137.0,5.625,35.39190673828125,71.47307586669922,21.692073822021484,242.24749755859375,8.27613639831543
138.0,5.625,35.83641815185547,70.72603607177734,21.648632049560547,242.1051025390625,8.27613639831543
139.0,5.625,36.623497009277344,69.81871795654297,21.571712493896484,241.67344665527344,8.27613639831543
140.0,5.625,37.65052795410156,68.78236389160156,21.471342086791992,241.0515899658203,8.27613639831543
141.0,5.625,39.33165740966797,67.41114044189453,21.307044982910156,239.88294982910156,8.27613639831543
173.0,5.625,98.28091430664062,1.012757420539856,15.545980453491211,225.8610076904297,8.27613639831543
174.0,5.625,96.07809448242188,2.101895332336426,15.761260032653809,228.4043426513672,8.27613639831543
175.0,5.625,94.83709716796875,2.406003952026367,15.882539749145508,230.44932556152344,8.27613639831543
176.0,5.625,93.68551635742188,2.6761293411254883,15.99508285522461,232.4294891357422,8.27613639831543
177.0,5.625,92.57547760009766,2.952378988265991,16.103565216064453,234.36874389648438,8.27613639831543
178.0,5.625,91.42180633544922,3.3100695610046387,16.2163143157959,236.3036346435547,8.27613639831543
179.0,5.625,90.43618774414062,3.5566000938415527,16.312637329101562,238.14637756347656,8.27613639831543
180.0,5.625,89.42850494384766,3.8622469902038574,16.41111946105957,239.9773406982422,8.27613639831543
181.0,5.625,88.58082580566406,4.058485984802246,16.493961334228516,241.72752380371094,8.27613639831543
182.0,5.625,87.80448913574219,4.224166393280029,16.56983184814453,243.43516540527344,8.27613639831543
183.0,5.625,86.99706268310547,4.453405857086182,16.648740768432617,245.137451171875,8.27613639831543
184.0,5.625,86.18622589111328,4.7201690673828125,16.727985382080078,246.82330322265625,8.27613639831543
185.0,5.625,85.43172454833984,4.967298984527588,16.801721572875977,248.4738311767578,8.27613639831543
186.0,5.625,84.66571807861328,5.2580413818359375,16.8765811920166,250.1105499267578,8.27613639831543
187.0,5.625,83.85228729248047,5.626461029052734,16.956077575683594,251.74195861816406,8.27613639831543
188.0,5.625,83.07428741455078,5.992904186248779,17.03211212158203,253.3441162109375,8.27613639831543
189.0,5.625,82.3432388305664,6.345167636871338,17.10355567932129,254.91543579101562,8.27613639831543
190.0,5.625,81.74267578125,6.601041793823242,17.162248611450195,256.43939208984375,8.27613639831543
191.0,5.625,81.26852416992188,6.7625017166137695,17.208587646484375,257.92291259765625,8.27613639831543
192.0,5.625,81.18518829345703,6.569266319274902,17.216732025146484,259.3229675292969,8.27613639831543
106.0,0.0,59.64024353027344,93.3460693359375,21.597572326660156,215.28126525878906,8.27613639831543
107.0,0.0,56.47335433959961,91.97632598876953,21.786252975463867,218.30445861816406,8.27613639831543
108.0,0.0,53.779579162597656,90.75668334960938,21.946744918823242,220.88612365722656,8.27613639831543
109.0,0.0,51.487056732177734,89.65792083740234,22.083332061767578,223.0929718017578,8.27613639831543
110.0,0.0,49.447139739990234,88.65148162841797,22.204870223999023,225.0694122314453,8.27613639831543
111.0,0.0,47.652610778808594,87.72428894042969,22.311786651611328,226.81996154785156,8.27613639831543
112.0,0.0,46.162261962890625,86.86504364013672,22.40058135986328,228.2837371826172,8.27613639831543
113.0,0.0,44.859413146972656,86.05786895751953,22.47820281982422,229.57540893554688,8.27613639831543
114.0,0.0,43.642547607421875,85.29475402832031,22.550703048706055,230.7949981689453,8.27613639831543
115.0,0.0,42.464630126953125,84.57296752929688,22.62088394165039,231.9883575439453,8.27613639831543
116.0,0.0,41.47164535522461,83.88338470458984,22.680044174194336,233.0089111328125,8.27613639831543
117.0,0.0,40.59710693359375,83.22101593017578,22.732149124145508,233.92236328125,8.27613639831543
118.0,0.0,39.91254425048828,82.57378387451172,22.772933959960938,234.65711975097656,8.27613639831543
119.0,0.0,39.12726593017578,81.96161651611328,22.819721221923828,235.501953125,8.27613639831543
120.0,0.0,38.6054573059082,81.346435546875,22.85080909729004,236.09471130371094,8.27613639831543
121.0,0.0,38.128787994384766,80.74455261230469,22.879209518432617,236.65231323242188,8.27613639831543
122.0,0.0,37.65489959716797,80.16026306152344,22.90744400024414,237.2163848876953,8.27613639831543
123.0,0.0,37.31917190551758,79.57042694091797,22.927446365356445,237.65335083007812,8.27613639831543
124.0,0.0,37.025638580322266,78.98612213134766,22.944934844970703,238.05812072753906,8.27613639831543
125.0,0.0,36.78573989868164,78.40296173095703,22.959228515625,238.4196319580078,8.27613639831543
126.0,0.0,36.67509841918945,77.80155944824219,22.9658203125,238.66458129882812,8.27613639831543
127.0,0.0,36.4478645324707,77.23428344726562,22.979358673095703,239.03253173828125,8.27613639831543
128.0,0.0,36.49063491821289,76.60819244384766,22.976810455322266,239.1488494873047,8.27613639831543
129.0,0.0,36.4525146484375,76.0055923461914,22.979082107543945,239.35394287109375,8.27613639831543
130.0,0.0,36.607025146484375,75.35149383544922,22.96987533569336,239.38531494140625,8.27613639831543
131.0,0.0,36.65265655517578,74.72883605957031,22.9671573638916,239.5323486328125,8.27613639831543
132.0,0.0,36.848026275634766,74.05972290039062,22.955516815185547,239.54904174804688,8.27613639831543
133.0,0.0,37.152706146240234,73.3507308959961,22.93736457824707,239.4759063720703,8.27613639831543
134.0,0.0,37.50530242919922,72.61854553222656,22.91635513305664,239.372314453125,8.27613639831543
135.0,0.0,38.03786849975586,71.81202697753906,22.884628295898438,239.11703491210938,8.27613639831543
136.0,0.0,38.85288619995117,70.88301849365234,22.836069107055664,238.61961364746094,8.27613639831543
137.0,0.0,40.13021469116211,69.7457046508789,22.759965896606445,237.7220916748047,8.27613639831543
178.0,0.0,94.17009735107422,0.8510202169418335,19.54030418395996,234.43243408203125,8.27613639831543
179.0,0.0,92.83883666992188,1.3800054788589478,19.61962127685547,236.46707153320312,8.27613639831543
180.0,0.0,91.88969421386719,1.6029328107833862,19.676170349121094,238.3210906982422,8.27613639831543
181.0,0.0,90.89939880371094,1.9026070833206177,19.735170364379883,240.17112731933594,8.27613639831543
182.0,0.0,90.02173614501953,2.1360130310058594,19.78746223449707,241.95909118652344,8.27613639831543
183.0,0.0,89.20927429199219,2.344867706298828,19.83586883544922,243.70602416992188,8.27613639831543
184.0,0.0,88.46510314941406,2.524521827697754,19.880205154418945,245.41334533691406,8.27613639831543
185.0,0.0,87.69282531738281,2.764749526977539,19.92621612548828,247.1137237548828,8.27613639831543
186.0,0.0,87.19061279296875,2.7810752391815186,19.956138610839844,248.71742248535156,8.27613639831543
109.0,-5.625,60.58965301513672,90.53892517089844,23.88726043701172,213.95220947265625,8.27613639831543
110.0,-5.625,57.12211990356445,89.28208923339844,23.959577560424805,217.34230041503906,8.27613639831543
111.0,-5.625,54.701473236083984,88.18778991699219,24.010061264038086,219.71102905273438,8.27613639831543
112.0,-5.625,52.609134674072266,87.18487548828125,24.053699493408203,221.77169799804688,8.27613639831543
113.0,-5.625,50.714439392089844,86.2557373046875,24.093215942382812,223.65249633789062,8.27613639831543
114.0,-5.625,49.11928939819336,85.38919830322266,24.126482009887695,225.24966430664062,8.27613639831543
115.0,-5.625,47.72757339477539,84.57258605957031,24.155508041381836,226.65785217285156,8.27613639831543
116.0,-5.625,46.522926330566406,83.79627990722656,24.180631637573242,227.892333984375,8.27613639831543
117.0,-5.625,45.35236358642578,83.06043243408203,24.20504379272461,229.10501098632812,8.27613639831543
118.0,-5.625,44.350093841552734,82.3525619506836,24.225948333740234,230.16116333007812,8.27613639831543
119.0,-5.625,43.558589935302734,81.65988159179688,24.242454528808594,231.0182342529297,8.27613639831543
120.0,-5.625,42.856117248535156,80.98565673828125,24.257104873657227,231.79737854003906,8.27613639831543
121.0,-5.625,42.06153106689453,80.34957885742188,24.2736759185791,232.67791748046875,8.27613639831543
122.0,-5.625,41.510379791259766,79.7060317993164,24.285171508789062,233.32684326171875,8.27613639831543
123.0,-5.625,41.16277313232422,79.04926300048828,24.292421340942383,233.78475952148438,8.27613639831543
124.0,-5.625,40.772308349609375,78.41448974609375,24.30056381225586,234.29510498046875,8.27613639831543
125.0,-5.625,40.59466552734375,77.75237274169922,24.304269790649414,234.60675048828125,8.27613639831543
126.0,-5.625,40.398067474365234,77.10301208496094,24.30837059020996,234.94773864746094,8.27613639831543
127.0,-5.625,40.373687744140625,76.42236328125,24.30887794494629,235.1319122314453,8.27613639831543
128.0,-5.625,40.39506530761719,75.73387145996094,24.30843162536621,235.28358459472656,8.27613639831543
129.0,-5.625,40.49659729003906,75.02613067626953,24.30631446838379,235.37017822265625,8.27613639831543
130.0,-5.625,40.84906768798828,74.24639129638672,24.29896354675293,235.229248046875,8.27613639831543
131.0,-5.625,41.37737274169922,73.40509033203125,24.287946701049805,234.93626403808594,8.27613639831543
132.0,-5.625,42.545509338378906,72.34538269042969,24.26358413696289,234.0548095703125,8.27613639831543
113.0,-11.25,61.03223419189453,86.3245849609375,26.253681182861328,213.3338623046875,8.27613639831543
114.0,-11.25,57.8899040222168,85.29537963867188,26.196901321411133,216.4783172607422,8.27613639831543
115.0,-11.25,55.833927154541016,84.34468078613281,26.159751892089844,218.55343627929688,8.27613639831543
116.0,-11.25,54.293983459472656,83.44234466552734,26.131927490234375,220.12808227539062,8.27613639831543
117.0,-11.25,52.54602813720703,82.60768127441406,26.100343704223633,221.92431640625,8.27613639831543
118.0,-11.25,51.54140853881836,81.7746353149414,26.08219337463379,222.9918670654297,8.27613639831543
119.0,-11.25,50.3404426574707,80.99715423583984,26.06049156188965,224.267578125,8.27613639831543
120.0,-11.25,49.936561584472656,80.17053985595703,26.053194046020508,224.76283264160156,8.27613639831543
121.0,-11.25,49.01016616821289,79.42927551269531,26.036455154418945,225.78933715820312,8.27613639831543
122.0,-11.25,48.934566497802734,78.59405517578125,26.03508949279785,225.9853515625,8.27613639831543
123.0,-11.25,48.492095947265625,77.82518768310547,26.027095794677734,226.5573272705078,8.27613639831543
124.0,-11.25,48.78606414794922,76.93791198730469,26.032407760620117,226.41763305664062,8.27613639831543
125.0,-11.25,50.04711151123047,75.84797668457031,26.055192947387695,225.3474578857422,8.27613639831543
